date,center_id,meal_id,prepared_qty,sold_qty,waste_qty,checkout_price,base_price
2024-07-01,10,1885,264,209,55,200.67,222.97
2024-07-01,10,2707,213,191,22,303.6,337.33
2024-07-01,10,2581,184,152,32,248.73,276.37
2024-07-01,10,2867,262,223,39,219.84,244.27
2024-07-01,10,2825,294,226,68,298.47,331.63
2024-07-01,23,1885,147,115,32,188.15,209.05
2024-07-01,23,2707,282,230,52,326.01,362.23
2024-07-01,23,2581,251,192,59,307.99,342.21
2024-07-01,23,2867,154,135,19,268.93,298.81
2024-07-01,23,2825,233,202,31,295.37,328.19
2024-07-01,34,1885,235,184,51,213.16,236.85
2024-07-01,34,2707,126,98,28,303.94,337.71
2024-07-01,34,2581,192,151,41,293.08,325.65
2024-07-01,34,2867,165,124,41,211.38,234.87
2024-07-01,34,2825,240,193,47,168.59,187.32
2024-07-01,55,1885,239,189,50,299.85,333.17
2024-07-01,55,2707,228,190,38,313.98,348.87
2024-07-01,55,2581,229,184,45,195.04,216.71
2024-07-01,55,2867,268,204,64,301.82,335.36
2024-07-01,55,2825,264,230,34,292.6,325.11
2024-07-02,10,1885,240,189,51,235.19,261.32
2024-07-02,10,2707,166,129,37,214.97,238.85
2024-07-02,10,2581,171,145,26,228.09,253.43
2024-07-02,10,2867,268,243,25,269.75,299.72
2024-07-02,10,2825,273,211,62,231.8,257.56
2024-07-02,23,1885,283,244,39,165.99,184.43
2024-07-02,23,2707,249,218,31,327.5,363.89
2024-07-02,23,2581,181,160,21,305.62,339.58
2024-07-02,23,2867,242,186,56,311.93,346.59
2024-07-02,23,2825,334,250,84,304.87,338.74
2024-07-02,34,1885,142,112,30,280.68,311.87
2024-07-02,34,2707,262,237,25,341.17,379.08
2024-07-02,34,2581,227,171,56,307.4,341.56
2024-07-02,34,2867,253,203,50,236.72,263.02
2024-07-02,34,2825,278,235,43,168.8,187.56
2024-07-02,55,1885,253,210,43,308.95,343.28
2024-07-02,55,2707,221,199,22,247.32,274.8
2024-07-02,55,2581,197,150,47,174.48,193.87
2024-07-02,55,2867,183,159,24,207.16,230.18
2024-07-02,55,2825,207,174,33,167.7,186.33
2024-07-03,10,1885,286,217,69,307.74,341.93
2024-07-03,10,2707,121,103,18,250.19,277.99
2024-07-03,10,2581,178,143,35,187.78,208.65
2024-07-03,10,2867,320,248,72,206.2,229.11
2024-07-03,10,2825,265,207,58,330.78,367.53
2024-07-03,23,1885,144,114,30,258.88,287.65
2024-07-03,23,2707,257,223,34,341.48,379.42
2024-07-03,23,2581,263,226,37,202.82,225.36
2024-07-03,23,2867,304,240,64,164.06,182.29
2024-07-03,23,2825,272,204,68,294.91,327.68
2024-07-03,34,1885,216,196,20,291.65,324.06
2024-07-03,34,2707,265,203,62,199.01,221.12
2024-07-03,34,2581,242,196,46,211.73,235.26
2024-07-03,34,2867,237,213,24,171.85,190.95
2024-07-03,34,2825,163,134,29,264.7,294.11
2024-07-03,55,1885,162,134,28,227.71,253.01
2024-07-03,55,2707,175,157,18,327.66,364.07
2024-07-03,55,2581,110,92,18,167.14,185.71
2024-07-03,55,2867,204,158,46,194.21,215.79
2024-07-03,55,2825,203,155,48,245.89,273.21
2024-07-04,10,1885,188,159,29,217.82,242.02
2024-07-04,10,2707,168,133,35,268.67,298.52
2024-07-04,10,2581,252,215,37,202.87,225.41
2024-07-04,10,2867,161,146,15,255.92,284.36
2024-07-04,10,2825,252,194,58,262.52,291.69
2024-07-04,23,1885,277,247,30,245.31,272.57
2024-07-04,23,2707,144,116,28,193.39,214.88
2024-07-04,23,2581,226,168,58,296.0,328.89
2024-07-04,23,2867,192,162,30,270.93,301.03
2024-07-04,23,2825,257,194,63,238.91,265.45
2024-07-04,34,1885,169,153,16,230.98,256.64
2024-07-04,34,2707,121,109,12,220.99,245.54
2024-07-04,34,2581,121,93,28,321.83,357.59
2024-07-04,34,2867,177,136,41,239.11,265.68
2024-07-04,34,2825,208,163,45,245.36,272.62
2024-07-04,55,1885,212,183,29,260.6,289.56
2024-07-04,55,2707,166,148,18,243.5,270.56
2024-07-04,55,2581,272,216,56,176.65,196.28
2024-07-04,55,2867,278,219,59,340.11,377.9
2024-07-04,55,2825,200,169,31,163.76,181.96
2024-07-05,10,1885,193,162,31,279.34,310.38
2024-07-05,10,2707,212,182,30,176.48,196.09
2024-07-05,10,2581,334,248,86,339.7,377.45
2024-07-05,10,2867,115,99,16,183.17,203.52
2024-07-05,10,2825,176,135,41,320.45,356.06
2024-07-05,23,1885,281,250,31,329.81,366.45
2024-07-05,23,2707,128,96,32,332.32,369.25
2024-07-05,23,2581,275,227,48,237.91,264.34
2024-07-05,23,2867,125,96,29,315.09,350.1
2024-07-05,23,2825,193,150,43,164.14,182.38
2024-07-05,34,1885,273,243,30,327.54,363.93
2024-07-05,34,2707,100,88,12,214.01,237.79
2024-07-05,34,2581,178,141,37,307.97,342.19
2024-07-05,34,2867,246,211,35,321.72,357.47
2024-07-05,34,2825,187,164,23,291.82,324.25
2024-07-05,55,1885,138,125,13,264.38,293.75
2024-07-05,55,2707,295,221,74,242.43,269.37
2024-07-05,55,2581,289,247,42,332.99,369.99
2024-07-05,55,2867,157,135,22,166.52,185.02
2024-07-05,55,2825,110,92,18,323.84,359.82
