id,week,center_id,meal_id,checkout_price,base_price,emailer_for_promotion,homepage_featured,num_orders
2000001,27,10,1885,393.22,416.52,1,0,306
2000002,27,10,1993,233.01,245.37,1,0,149
2000003,27,10,2539,170.5,181.43,0,0,426
2000004,27,10,1248,391.62,428.93,0,0,382
2000005,27,10,2631,250.64,281.27,1,0,405
2000006,27,10,1311,343.94,370.61,0,0,444
2000007,27,10,2707,148.66,165.03,0,0,172
2000008,27,10,1847,363.72,399.3,0,0,173
2000009,27,10,1438,392.94,426.19,0,0,349
2000010,27,10,2492,328.66,368.02,0,0,258
2000011,27,10,2764,162.57,189.0,0,0,58
2000012,27,10,2581,182.8,211.42,0,0,92
2000013,27,10,1962,144.98,152.69,0,0,239
2000014,27,10,2444,262.14,280.68,0,0,85
2000015,27,10,2867,203.11,219.4,0,0,337
2000016,27,10,1727,353.16,364.92,0,0,225
2000017,27,10,1247,272.76,315.82,0,0,462
2000018,27,10,2825,261.45,287.64,1,0,70
2000019,27,10,2577,243.63,263.48,0,0,339
2000020,27,10,1558,374.44,420.42,0,0,445
2000021,27,11,1885,232.64,269.95,0,0,377
2000022,27,11,1993,312.06,351.37,0,0,82
2000023,27,11,2539,320.0,345.59,0,0,102
2000024,27,11,1248,419.55,428.34,0,0,182
2000025,27,11,2631,403.76,430.38,0,0,308
2000026,27,11,1311,314.02,365.96,0,0,147
2000027,27,11,2707,277.95,308.14,0,0,384
2000028,27,11,1847,226.85,237.2,0,0,202
2000029,27,11,1438,358.93,386.35,0,0,383
2000030,27,11,2492,184.2,188.33,1,0,424
2000031,27,11,2764,250.33,264.91,0,0,457
2000032,27,11,2581,288.9,336.92,1,0,41
2000033,27,11,1962,262.58,301.34,0,0,381
2000034,27,11,2444,318.28,354.28,1,0,171
2000035,27,11,2867,185.53,208.56,0,0,405
2000036,27,11,1727,234.38,257.3,0,0,397
2000037,27,11,1247,272.46,305.02,0,0,465
2000038,27,11,2825,166.7,182.68,0,0,148
2000039,27,11,2577,212.14,243.92,0,0,73
2000040,27,11,1558,182.29,214.38,0,0,145
2000041,27,13,1885,223.31,237.35,1,0,213
2000042,27,13,1993,245.61,265.71,0,0,206
2000043,27,13,2539,167.21,176.8,0,0,134
2000044,27,13,1248,292.92,318.97,0,0,319
2000045,27,13,2631,332.8,341.16,0,0,382
2000046,27,13,1311,180.22,191.71,0,0,465
2000047,27,13,2707,343.41,355.52,0,0,106
2000048,27,13,1847,147.79,162.78,0,0,154
2000049,27,13,1438,279.49,295.85,0,0,204
2000050,27,13,2492,233.16,269.44,0,0,464
2000051,27,13,2764,265.88,309.55,0,0,332
2000052,27,13,2581,341.3,388.33,0,0,319
2000053,27,13,1962,325.2,345.45,0,0,360
2000054,27,13,2444,406.25,419.85,0,0,467
2000055,27,13,2867,197.28,213.69,1,0,190
2000056,27,13,1727,168.24,172.27,0,0,341
2000057,27,13,1247,279.03,289.22,1,0,128
2000058,27,13,2825,402.28,430.09,0,0,284
2000059,27,13,2577,249.68,279.82,0,0,149
2000060,27,13,1558,294.42,329.08,1,0,70
2000061,27,14,1885,218.8,236.6,0,0,94
2000062,27,14,1993,286.27,319.53,0,0,328
2000063,27,14,2539,306.36,345.27,0,0,311
2000064,27,14,1248,310.59,328.53,0,0,55
2000065,27,14,2631,365.78,429.12,0,0,120
2000066,27,14,1311,377.64,420.96,0,0,160
2000067,27,14,2707,154.2,163.47,0,0,246
2000068,27,14,1847,400.55,429.48,0,0,302
2000069,27,14,1438,406.01,424.62,0,0,89
2000070,27,14,2492,366.92,382.5,0,0,216
2000071,27,14,2764,301.23,344.82,0,0,208
2000072,27,14,2581,242.15,267.82,0,0,100
2000073,27,14,1962,331.54,361.36,0,0,157
2000074,27,14,2444,180.8,187.16,1,0,315
2000075,27,14,2867,420.57,430.18,0,0,116
2000076,27,14,1727,200.19,226.31,0,0,164
2000077,27,14,1247,274.29,296.31,0,0,364
2000078,27,14,2825,270.44,276.65,0,0,135
2000079,27,14,2577,337.56,358.92,0,0,415
2000080,27,14,1558,158.09,182.54,0,0,217
2000081,27,17,1885,287.66,337.81,0,0,458
2000082,27,17,1993,237.52,257.36,0,0,444
2000083,27,17,2539,146.19,164.68,0,0,251
2000084,27,17,1248,363.15,376.99,0,0,476
2000085,27,17,2631,377.38,389.79,0,0,374
2000086,27,17,1311,184.69,213.54,0,0,269
2000087,27,17,2707,273.29,310.47,0,0,138
2000088,27,17,1847,155.87,182.02,1,0,102
2000089,27,17,1438,295.91,331.29,0,0,86
2000090,27,17,2492,182.51,194.46,0,0,179
2000091,27,17,2764,271.78,295.79,0,0,161
2000092,27,17,2581,238.91,275.32,0,0,436
2000093,27,17,1962,293.45,317.59,0,0,53
2000094,27,17,2444,165.01,189.46,0,0,195
2000095,27,17,2867,372.02,390.6,0,0,449
2000096,27,17,1727,396.2,418.61,0,0,405
2000097,27,17,1247,319.97,339.09,0,0,111
2000098,27,17,2825,206.25,220.99,0,0,406
2000099,27,17,2577,394.16,437.58,1,0,96
2000100,27,17,1558,181.72,202.39,0,0,323
2000101,27,20,1885,234.26,266.95,1,0,59
2000102,27,20,1993,329.04,365.03,0,0,151
2000103,27,20,2539,381.74,442.66,0,0,107
2000104,27,20,1248,396.06,443.87,1,0,164
2000105,27,20,2631,207.62,237.31,1,0,474
2000106,27,20,1311,299.66,349.7,0,0,299
2000107,27,20,2707,275.02,292.38,1,0,428
2000108,27,20,1847,390.45,405.46,0,0,138
2000109,27,20,1438,293.47,310.74,0,0,64
2000110,27,20,2492,188.17,199.57,0,0,318
2000111,27,20,2764,232.27,268.55,0,0,339
2000112,27,20,2581,189.97,202.75,0,0,69
2000113,27,20,1962,269.1,299.69,1,0,372
2000114,27,20,2444,245.29,276.7,0,0,193
2000115,27,20,2867,331.15,383.16,0,0,146
2000116,27,20,1727,227.0,247.56,1,0,133
2000117,27,20,1247,371.6,397.49,0,0,247
2000118,27,20,2825,218.01,250.17,0,0,117
2000119,27,20,2577,270.69,307.5,0,0,321
2000120,27,20,1558,283.23,297.34,0,0,173
2000121,27,23,1885,418.29,437.81,0,0,74
2000122,27,23,1993,381.88,411.56,0,0,142
2000123,27,23,2539,162.78,166.56,0,0,417
2000124,27,23,1248,354.76,397.79,0,0,410
2000125,27,23,2631,311.43,361.26,1,0,435
2000126,27,23,1311,300.85,337.66,0,0,258
2000127,27,23,2707,296.05,341.7,1,0,165
2000128,27,23,1847,174.46,196.02,0,0,437
2000129,27,23,1438,308.97,317.5,0,0,307
2000130,27,23,2492,138.02,151.53,0,0,77
2000131,27,23,2764,144.26,160.92,0,0,150
2000132,27,23,2581,382.63,411.89,0,0,288
2000133,27,23,1962,240.91,252.13,0,0,143
2000134,27,23,2444,271.96,283.83,0,0,147
2000135,27,23,2867,135.76,158.82,0,0,477
2000136,27,23,1727,183.42,208.3,0,0,392
2000137,27,23,1247,338.16,381.12,1,0,142
2000138,27,23,2825,216.18,239.72,0,0,272
2000139,27,23,2577,257.33,297.44,0,0,360
2000140,27,23,1558,158.15,184.43,0,0,255
2000141,27,24,1885,314.39,362.8,0,0,145
2000142,27,24,1993,273.37,294.77,1,0,114
2000143,27,24,2539,132.43,155.52,0,0,85
2000144,27,24,1248,251.44,272.41,1,0,167
2000145,27,24,2631,374.64,427.27,0,0,299
2000146,27,24,1311,348.17,363.73,1,0,313
2000147,27,24,2707,365.07,383.87,0,0,446
2000148,27,24,1847,301.69,345.92,0,0,347
2000149,27,24,1438,136.59,153.97,0,0,443
2000150,27,24,2492,211.2,215.59,0,0,91
2000151,27,24,2764,299.52,315.24,0,0,394
2000152,27,24,2581,261.15,291.46,0,0,313
2000153,27,24,1962,408.61,427.02,0,0,180
2000154,27,24,2444,184.73,199.28,0,0,144
2000155,27,24,2867,223.99,254.87,0,0,221
2000156,27,24,1727,376.21,429.21,0,0,165
2000157,27,24,1247,177.78,207.41,0,0,454
2000158,27,24,2825,284.23,306.78,0,0,130
2000159,27,24,2577,198.41,230.68,0,0,286
2000160,27,24,1558,292.13,337.44,0,0,132
2000161,27,27,1885,184.0,211.2,0,0,350
2000162,27,27,1993,261.68,304.81,0,0,381
2000163,27,27,2539,195.62,229.47,0,0,160
2000164,27,27,1248,248.22,270.94,0,0,112
2000165,27,27,2631,178.45,195.91,0,0,220
2000166,27,27,1311,211.49,239.14,0,0,464
2000167,27,27,2707,330.3,339.16,1,0,405
2000168,27,27,1847,217.83,235.22,1,0,406
2000169,27,27,1438,161.18,189.09,0,0,441
2000170,27,27,2492,220.62,252.57,0,0,275
2000171,27,27,2764,215.14,245.59,0,0,294
2000172,27,27,2581,267.92,279.85,0,0,392
2000173,27,27,1962,254.26,273.18,0,0,254
2000174,27,27,2444,315.38,355.65,0,0,54
2000175,27,27,2867,212.77,221.49,0,0,328
2000176,27,27,1727,286.93,311.48,0,0,369
2000177,27,27,1247,160.89,164.39,1,0,405
2000178,27,27,2825,221.74,257.12,0,0,244
2000179,27,27,2577,178.4,200.43,0,0,286
2000180,27,27,1558,149.04,157.79,0,0,473
2000181,27,29,1885,190.61,210.82,0,0,131
2000182,27,29,1993,253.24,274.31,1,0,276
2000183,27,29,2539,369.39,417.01,0,0,131
2000184,27,29,1248,409.26,421.59,0,0,355
2000185,27,29,2631,270.63,317.65,1,0,131
2000186,27,29,1311,321.79,353.82,0,0,265
2000187,27,29,2707,211.57,237.39,0,0,474
2000188,27,29,1847,309.11,325.1,0,0,203
2000189,27,29,1438,150.62,165.6,0,0,471
2000190,27,29,2492,404.91,424.84,0,0,66
2000191,27,29,2764,353.04,383.12,0,0,458
2000192,27,29,2581,376.08,424.3,0,0,171
2000193,27,29,1962,143.7,166.09,0,0,338
2000194,27,29,2444,287.89,326.73,0,0,405
2000195,27,29,2867,170.32,194.14,0,0,286
2000196,27,29,1727,353.11,393.61,0,0,148
2000197,27,29,1247,229.39,247.99,0,0,175
2000198,27,29,2825,272.2,295.47,0,0,214
2000199,27,29,2577,193.37,211.72,0,0,56
2000200,27,29,1558,367.73,423.84,0,0,363
2000201,27,30,1885,221.5,226.61,1,0,286
2000202,27,30,1993,372.11,387.93,0,0,118
2000203,27,30,2539,203.47,212.45,0,0,91
2000204,27,30,1248,160.2,179.09,0,0,271
2000205,27,30,2631,148.05,168.36,0,0,333
2000206,27,30,1311,245.63,283.48,0,0,183
2000207,27,30,2707,278.91,315.66,0,0,212
2000208,27,30,1847,315.95,351.88,1,0,333
2000209,27,30,1438,260.71,281.06,0,0,140
2000210,27,30,2492,208.85,236.88,0,0,274
2000211,27,30,2764,290.27,334.1,0,0,437
2000212,27,30,2581,225.93,242.86,0,0,225
2000213,27,30,1962,366.04,405.27,0,0,299
2000214,27,30,2444,379.71,403.49,0,0,243
2000215,27,30,2867,293.33,342.87,0,0,226
2000216,27,30,1727,148.43,154.72,0,0,434
2000217,27,30,1247,226.22,262.47,0,0,334
2000218,27,30,2825,303.99,346.77,0,0,306
2000219,27,30,2577,358.83,387.14,0,0,83
2000220,27,30,1558,387.24,410.19,0,0,111
2000221,27,32,1885,225.68,247.24,0,0,55
2000222,27,32,1993,289.13,324.62,1,0,259
2000223,27,32,2539,384.04,439.89,0,0,478
2000224,27,32,1248,155.69,175.08,0,0,127
2000225,27,32,2631,232.02,264.37,0,0,314
2000226,27,32,1311,371.89,400.57,0,0,372
2000227,27,32,2707,345.8,376.74,0,0,292
2000228,27,32,1847,302.8,310.6,0,0,422
2000229,27,32,1438,422.86,432.07,1,0,417
2000230,27,32,2492,154.75,159.29,0,0,420
2000231,27,32,2764,324.81,381.39,0,0,193
2000232,27,32,2581,176.62,191.19,0,0,456
2000233,27,32,1962,217.5,246.16,1,0,345
2000234,27,32,2444,145.88,160.74,1,0,407
2000235,27,32,2867,275.77,304.75,0,0,266
2000236,27,32,1727,325.61,370.69,0,0,224
2000237,27,32,1247,379.84,419.97,0,0,451
2000238,27,32,2825,240.22,281.19,0,0,333
2000239,27,32,2577,336.09,347.13,0,0,414
2000240,27,32,1558,396.72,411.33,0,0,212
2000241,27,34,1885,185.34,206.41,0,0,367
2000242,27,34,1993,192.78,200.33,0,0,361
2000243,27,34,2539,366.88,393.53,1,0,139
2000244,27,34,1248,343.82,385.82,0,0,143
2000245,27,34,2631,376.44,388.68,0,0,439
2000246,27,34,1311,286.42,319.57,1,0,86
2000247,27,34,2707,163.71,188.59,0,0,186
2000248,27,34,1847,197.94,208.43,0,0,169
2000249,27,34,1438,152.55,159.58,0,0,237
2000250,27,34,2492,325.81,335.45,0,0,391
2000251,27,34,2764,412.47,435.54,0,0,433
2000252,27,34,2581,230.21,241.26,0,0,133
2000253,27,34,1962,199.93,230.4,0,0,41
2000254,27,34,2444,429.44,444.88,0,0,322
2000255,27,34,2867,211.57,227.75,0,0,164
2000256,27,34,1727,196.67,222.71,1,0,156
2000257,27,34,1247,320.59,332.67,0,0,64
2000258,27,34,2825,389.52,431.74,0,0,118
2000259,27,34,2577,328.97,344.61,0,0,264
2000260,27,34,1558,317.94,349.17,0,0,216
2000261,27,36,1885,147.72,158.5,0,0,174
2000262,27,36,1993,409.11,427.37,0,0,455
2000263,27,36,2539,153.73,169.05,0,0,119
2000264,27,36,1248,286.81,299.54,0,0,104
2000265,27,36,2631,187.84,202.9,0,0,76
2000266,27,36,1311,233.73,268.72,0,0,68
2000267,27,36,2707,182.45,194.17,1,0,100
2000268,27,36,1847,366.94,384.42,0,0,41
2000269,27,36,1438,162.47,189.96,0,0,478
2000270,27,36,2492,323.79,358.35,1,0,138
2000271,27,36,2764,136.9,153.94,1,0,230
2000272,27,36,2581,199.78,232.07,0,0,325
2000273,27,36,1962,253.1,286.93,1,0,480
2000274,27,36,2444,391.17,417.49,0,0,421
2000275,27,36,2867,251.63,283.28,0,0,370
2000276,27,36,1727,180.85,205.73,0,0,411
2000277,27,36,1247,309.22,358.05,0,0,190
2000278,27,36,2825,196.98,214.35,1,0,204
2000279,27,36,2577,135.74,156.57,0,0,298
2000280,27,36,1558,273.71,295.86,0,0,458
2000281,27,39,1885,386.6,437.92,0,0,301
2000282,27,39,1993,238.52,261.56,1,0,354
2000283,27,39,2539,252.43,284.33,0,0,204
2000284,27,39,1248,247.95,255.31,0,0,322
2000285,27,39,2631,393.79,420.61,0,0,202
2000286,27,39,1311,389.82,408.59,0,0,190
2000287,27,39,2707,281.39,316.81,0,0,324
2000288,27,39,1847,152.5,164.05,0,0,218
2000289,27,39,1438,275.47,307.02,0,0,242
2000290,27,39,2492,300.81,312.75,1,0,394
2000291,27,39,2764,140.88,162.2,1,0,405
2000292,27,39,2581,232.4,238.32,0,0,268
2000293,27,39,1962,272.48,307.52,0,0,70
2000294,27,39,2444,152.6,164.99,0,0,132
2000295,27,39,2867,374.81,407.18,0,0,399
2000296,27,39,1727,243.58,255.12,0,0,335
2000297,27,39,1247,333.46,389.3,1,0,251
2000298,27,39,2825,345.76,370.09,0,0,42
2000299,27,39,2577,403.32,437.69,0,0,86
2000300,27,39,1558,180.31,205.39,0,0,317
2000301,27,41,1885,338.79,351.42,0,0,430
2000302,27,41,1993,236.55,270.63,0,0,385
2000303,27,41,2539,223.14,254.67,1,0,362
2000304,27,41,1248,216.48,230.09,0,0,193
2000305,27,41,2631,133.97,157.51,0,0,182
2000306,27,41,1311,374.95,432.22,1,0,107
2000307,27,41,2707,321.74,361.38,0,0,474
2000308,27,41,1847,158.52,170.96,0,0,252
2000309,27,41,1438,391.08,418.35,0,0,233
2000310,27,41,2492,268.16,303.17,0,0,283
2000311,27,41,2764,238.5,249.92,0,0,271
2000312,27,41,2581,318.18,347.34,0,0,370
2000313,27,41,1962,228.01,235.96,1,0,272
2000314,27,41,2444,234.92,252.46,0,0,105
2000315,27,41,2867,181.85,212.84,0,0,406
2000316,27,41,1727,138.1,150.14,0,0,418
2000317,27,41,1247,147.43,165.94,0,0,392
2000318,27,41,2825,220.52,249.65,0,0,375
2000319,27,41,2577,195.63,214.47,0,0,422
2000320,27,41,1558,177.01,188.47,0,0,87
2000321,27,42,1885,272.75,296.73,0,0,190
2000322,27,42,1993,242.44,249.27,0,0,50
2000323,27,42,2539,251.37,278.53,0,0,172
2000324,27,42,1248,179.6,192.73,0,0,314
2000325,27,42,2631,388.43,402.23,0,0,299
2000326,27,42,1311,176.98,184.73,0,0,226
2000327,27,42,2707,196.35,213.85,1,0,242
2000328,27,42,1847,196.08,201.51,0,0,94
2000329,27,42,1438,372.55,397.71,0,0,349
2000330,27,42,2492,358.58,398.25,0,0,177
2000331,27,42,2764,329.04,353.1,0,0,50
2000332,27,42,2581,307.54,329.04,0,0,236
2000333,27,42,1962,268.57,296.52,0,0,285
2000334,27,42,2444,413.18,430.95,0,0,432
2000335,27,42,2867,277.39,291.29,0,0,200
2000336,27,42,1727,234.05,259.38,0,0,232
2000337,27,42,1247,188.47,204.71,0,0,187
2000338,27,42,2825,206.48,238.54,0,0,150
2000339,27,42,2577,236.6,273.0,0,0,332
2000340,27,42,1558,166.61,181.59,0,0,122
2000341,27,43,1885,273.03,286.59,0,0,100
2000342,27,43,1993,256.71,294.01,0,0,194
2000343,27,43,2539,240.7,249.3,0,0,126
2000344,27,43,1248,234.75,247.44,0,0,405
2000345,27,43,2631,158.79,175.61,0,0,154
2000346,27,43,1311,204.0,235.39,0,0,423
2000347,27,43,2707,310.06,360.3,0,0,427
2000348,27,43,1847,220.48,225.39,0,0,422
2000349,27,43,1438,413.38,431.21,0,0,180
2000350,27,43,2492,190.18,214.28,0,0,463
2000351,27,43,2764,231.39,256.47,0,0,456
2000352,27,43,2581,414.75,423.49,0,0,339
2000353,27,43,1962,368.54,409.45,0,0,392
2000354,27,43,2444,220.78,256.8,0,0,270
2000355,27,43,2867,348.58,392.17,0,0,455
2000356,27,43,1727,258.94,277.69,0,0,454
2000357,27,43,1247,387.11,426.06,0,0,48
2000358,27,43,2825,358.36,393.79,0,0,409
2000359,27,43,2577,131.86,153.02,1,0,241
2000360,27,43,1558,286.83,293.15,0,0,390
2000361,27,50,1885,299.94,326.03,0,0,43
2000362,27,50,1993,261.8,281.59,0,0,262
2000363,27,50,2539,371.74,387.25,0,0,152
2000364,27,50,1248,342.42,351.18,1,0,158
2000365,27,50,2631,309.64,337.74,1,0,209
2000366,27,50,1311,360.6,422.55,0,0,207
2000367,27,50,2707,228.48,253.45,0,0,177
2000368,27,50,1847,342.55,379.5,0,0,88
2000369,27,50,1438,309.46,358.7,0,0,53
2000370,27,50,2492,253.77,279.32,0,0,81
2000371,27,50,2764,244.48,257.11,0,0,195
2000372,27,50,2581,167.02,176.17,1,0,306
2000373,27,50,1962,279.76,305.01,1,0,318
2000374,27,50,2444,385.49,427.86,0,0,337
2000375,27,50,2867,362.61,386.98,0,0,432
2000376,27,50,1727,183.29,200.33,1,0,402
2000377,27,50,1247,230.73,261.76,0,0,247
2000378,27,50,2825,359.58,385.27,0,0,326
2000379,27,50,2577,247.64,261.87,0,0,146
2000380,27,50,1558,175.67,183.07,0,0,69
2000381,27,51,1885,260.49,271.94,0,0,258
2000382,27,51,1993,411.74,439.19,0,0,110
2000383,27,51,2539,296.79,332.0,1,0,327
2000384,27,51,1248,383.72,421.51,0,0,184
2000385,27,51,2631,311.13,335.54,0,0,66
2000386,27,51,1311,277.99,291.11,0,0,412
2000387,27,51,2707,278.97,320.4,0,0,154
2000388,27,51,1847,314.47,361.4,0,0,93
2000389,27,51,1438,201.33,211.75,0,0,217
2000390,27,51,2492,201.39,223.34,1,0,188
2000391,27,51,2764,302.87,313.93,0,0,406
2000392,27,51,2581,172.51,192.6,0,0,465
2000393,27,51,1962,276.86,304.89,0,0,480
2000394,27,51,2444,357.03,388.1,0,0,104
2000395,27,51,2867,311.23,324.46,0,0,72
2000396,27,51,1727,341.35,389.57,0,0,233
2000397,27,51,1247,236.93,258.75,0,0,168
2000398,27,51,2825,207.83,223.57,0,0,40
2000399,27,51,2577,287.37,297.96,0,0,314
2000400,27,51,1558,228.13,237.68,0,0,415
2000401,27,52,1885,370.77,405.23,0,0,236
2000402,27,52,1993,261.58,271.19,0,0,399
2000403,27,52,2539,347.96,405.81,0,0,81
2000404,27,52,1248,248.11,287.96,0,0,260
2000405,27,52,2631,171.4,185.22,0,0,231
2000406,27,52,1311,257.5,302.72,0,0,134
2000407,27,52,2707,365.28,400.75,0,0,107
2000408,27,52,1847,343.76,399.53,0,0,435
2000409,27,52,1438,335.82,351.52,0,0,196
2000410,27,52,2492,335.39,389.73,0,0,337
2000411,27,52,2764,314.25,338.83,1,0,169
2000412,27,52,2581,286.55,331.82,0,0,432
2000413,27,52,1962,260.89,280.36,0,0,84
2000414,27,52,2444,258.85,284.67,0,0,109
2000415,27,52,2867,321.53,362.76,0,0,129
2000416,27,52,1727,233.79,273.37,0,0,435
2000417,27,52,1247,222.28,254.25,1,0,471
2000418,27,52,2825,317.73,339.94,0,0,40
2000419,27,52,2577,379.52,433.14,0,0,258
2000420,27,52,1558,333.47,378.36,1,0,254
2000421,27,53,1885,221.18,232.01,1,0,326
2000422,27,53,1993,329.8,360.38,0,0,402
2000423,27,53,2539,257.32,289.95,0,0,59
2000424,27,53,1248,173.39,203.47,0,0,347
2000425,27,53,2631,142.73,167.08,0,0,214
2000426,27,53,1311,335.23,378.38,1,0,123
2000427,27,53,2707,337.82,387.53,0,0,236
2000428,27,53,1847,276.17,302.99,0,0,49
2000429,27,53,1438,378.83,422.29,0,0,252
2000430,27,53,2492,401.93,445.58,0,0,328
2000431,27,53,2764,336.76,361.12,0,0,180
2000432,27,53,2581,352.52,377.21,0,0,385
2000433,27,53,1962,179.52,201.98,0,0,215
2000434,27,53,2444,151.92,159.73,0,0,161
2000435,27,53,2867,163.9,183.81,0,0,91
2000436,27,53,1727,224.41,252.67,0,0,403
2000437,27,53,1247,357.97,399.4,0,0,122
2000438,27,53,2825,258.72,283.15,0,0,204
2000439,27,53,2577,280.3,325.94,0,0,142
2000440,27,53,1558,396.39,433.88,0,0,181
2000441,27,55,1885,307.47,351.42,0,0,44
2000442,27,55,1993,238.99,250.99,1,0,363
2000443,27,55,2539,137.93,153.57,0,0,78
2000444,27,55,1248,227.87,259.48,0,0,232
2000445,27,55,2631,333.47,374.49,1,0,347
2000446,27,55,1311,184.68,217.25,0,0,231
2000447,27,55,2707,211.32,228.66,0,0,45
2000448,27,55,1847,437.02,447.34,1,0,478
2000449,27,55,1438,252.16,282.34,0,0,99
2000450,27,55,2492,281.96,314.76,1,0,196
2000451,27,55,2764,351.58,359.19,0,0,52
2000452,27,55,2581,405.47,416.55,0,0,166
2000453,27,55,1962,155.72,168.42,0,0,217
2000454,27,55,2444,253.05,262.64,0,0,292
2000455,27,55,2867,213.48,229.45,0,0,237
2000456,27,55,1727,395.51,434.43,0,0,480
2000457,27,55,1247,174.25,184.1,0,0,280
2000458,27,55,2825,233.36,247.57,0,0,277
2000459,27,55,2577,332.16,382.84,0,0,43
2000460,27,55,1558,160.05,186.17,0,0,317
2000461,27,57,1885,374.34,422.89,0,0,256
2000462,27,57,1993,335.37,381.48,0,0,182
2000463,27,57,2539,252.42,262.06,0,0,368
2000464,27,57,1248,170.54,185.65,0,0,267
2000465,27,57,2631,182.86,197.06,0,0,290
2000466,27,57,1311,324.32,355.6,0,0,394
2000467,27,57,2707,234.88,251.8,0,0,271
2000468,27,57,1847,143.83,151.91,0,0,179
2000469,27,57,1438,350.0,401.39,0,0,236
2000470,27,57,2492,343.14,385.48,0,0,358
2000471,27,57,2764,304.87,321.15,0,0,462
2000472,27,57,2581,166.4,191.58,0,0,328
2000473,27,57,1962,176.99,198.03,0,0,130
2000474,27,57,2444,177.96,199.72,0,0,170
2000475,27,57,2867,159.47,169.12,0,0,134
2000476,27,57,1727,319.97,373.0,0,0,263
2000477,27,57,1247,267.29,274.77,0,0,153
2000478,27,57,2825,395.11,422.31,0,0,354
2000479,27,57,2577,310.54,323.19,0,0,359
2000480,27,57,1558,347.2,365.89,1,0,436
2000481,27,58,1885,349.72,374.21,0,0,81
2000482,27,58,1993,291.54,336.53,0,0,291
2000483,27,58,2539,146.49,150.06,0,0,43
2000484,27,58,1248,259.73,272.44,0,0,152
2000485,27,58,2631,218.2,236.9,0,0,457
2000486,27,58,1311,297.15,336.19,0,0,90
2000487,27,58,2707,326.99,340.14,0,0,424
2000488,27,58,1847,227.69,267.81,0,0,275
2000489,27,58,1438,179.8,195.68,0,0,426
2000490,27,58,2492,181.24,193.41,0,0,151
2000491,27,58,2764,220.21,231.76,0,0,349
2000492,27,58,2581,309.23,343.96,0,0,67
2000493,27,58,1962,352.95,399.45,0,0,447
2000494,27,58,2444,290.06,306.27,0,0,284
2000495,27,58,2867,262.5,287.61,0,0,258
2000496,27,58,1727,324.29,341.55,1,0,417
2000497,27,58,1247,261.1,273.34,0,0,218
2000498,27,58,2825,294.11,300.38,0,0,460
2000499,27,58,2577,292.99,333.65,0,0,94
2000500,27,58,1558,137.37,155.86,0,0,405
2000501,27,59,1885,169.59,178.7,0,0,395
2000502,27,59,1993,375.33,396.83,0,0,227
2000503,27,59,2539,231.66,265.87,0,0,190
2000504,27,59,1248,154.01,167.9,0,0,87
2000505,27,59,2631,264.59,292.08,1,0,440
2000506,27,59,1311,236.02,276.96,1,0,183
2000507,27,59,2707,271.41,280.75,0,0,291
2000508,27,59,1847,254.97,286.54,1,0,467
2000509,27,59,1438,343.24,354.24,1,0,191
2000510,27,59,2492,384.55,428.16,0,0,119
2000511,27,59,2764,228.68,252.84,0,0,321
2000512,27,59,2581,280.37,321.55,0,0,229
2000513,27,59,1962,197.67,202.9,0,0,264
2000514,27,59,2444,389.79,429.52,0,0,328
2000515,27,59,2867,393.73,433.53,0,0,423
2000516,27,59,1727,400.27,446.05,0,0,342
2000517,27,59,1247,286.28,299.91,0,0,232
2000518,27,59,2825,340.69,394.9,0,0,281
2000519,27,59,2577,284.53,300.87,0,0,345
2000520,27,59,1558,402.43,412.6,1,0,268
